"date","maxTa"
2015-01-01,-0.8
2015-01-02,-0.1
2015-01-03,5.2
2015-01-04,10.7
2015-01-05,13.2
2015-01-06,9.3
2015-01-07,2.7
2015-01-08,3
2015-01-09,4.7
2015-01-10,7.2
2015-01-11,5.7
2015-01-12,3.7
2015-01-13,9.4
2015-01-14,7.2
2015-01-15,8.8
2015-01-16,3.7
2015-01-17,3.5
2015-01-18,5.6
2015-01-19,7.3
2015-01-20,8.2
2015-01-21,7
2015-01-22,6.1
2015-01-23,7.5
2015-01-24,8.8
2015-01-25,10.8
2015-01-26,9.6
2015-01-27,3.8
2015-01-28,2.1
2015-01-29,3.5
2015-01-30,3.3
2015-01-31,2.5
2015-02-01,4.8
2015-02-02,7.2
2015-02-03,6
2015-02-04,4.9
2015-02-05,5.2
2015-02-06,7
2015-02-07,6.7
2015-02-08,2.7
2015-02-09,1.4
2015-02-10,9.1
2015-02-11,10.7
2015-02-12,4.6
2015-02-13,5
2015-02-14,10.7
2015-02-15,12.8
2015-02-16,8.1
2015-02-17,5.8
2015-02-18,3.8
2015-02-19,9.3
2015-02-20,13.3
2015-02-21,12.6
2015-02-22,12.1
2015-02-23,8.6
2015-02-24,9.7
2015-02-25,11.7
2015-02-26,8.2
2015-02-27,3.9
2015-02-28,8.3
2015-03-01,6.5
2015-03-02,11.1
2015-03-03,9.6
2015-03-04,4.5
2015-03-05,7.5
2015-03-06,12.7
2015-03-07,12.4
2015-03-08,17.6
2015-03-09,11.8
2015-03-10,3
2015-03-11,8.7
2015-03-12,11.3
2015-03-13,8.2
2015-03-14,12.3
2015-03-15,15.7
2015-03-16,21.6
2015-03-17,22.4
2015-03-18,13.4
2015-03-19,20.9
2015-03-20,21.3
2015-03-21,19.7
2015-03-22,16.7
2015-03-23,11.2
2015-03-24,12.2
2015-03-25,15.1
2015-03-26,17.9
2015-03-27,18.1
2015-03-28,19.2
2015-03-29,19.7
2015-03-30,23.4
2015-03-31,16.7
2015-04-01,18.3
2015-04-02,21.6
2015-04-03,20.6
2015-04-04,19.9
2015-04-05,14.9
2015-04-06,13.8
2015-04-07,14.6
2015-04-08,15.3
2015-04-09,16.4
2015-04-10,19.8
2015-04-11,22.4
2015-04-12,20.9
2015-04-13,15.4
2015-04-14,15
2015-04-15,20.3
2015-04-16,21.2
2015-04-17,20.1
2015-04-18,25.5
2015-04-19,20.6
2015-04-20,17.2
2015-04-21,21.5
2015-04-22,20.2
2015-04-23,22.6
2015-04-24,23.1
2015-04-25,25.1
2015-04-26,27.2
2015-04-27,27.2
2015-04-28,26.6
2015-04-29,22.4
2015-04-30,26.2
2015-05-01,26.4
2015-05-02,28.5
2015-05-03,22.1
2015-05-04,22.1
2015-05-05,21.6
2015-05-06,23
2015-05-07,25.6
2015-05-08,23.3
2015-05-09,25.3
2015-05-10,27.6
2015-05-11,24.1
2015-05-12,21.4
2015-05-13,27.2
2015-05-14,30.6
2015-05-15,23.7
2015-05-16,26.9
2015-05-17,27.5
2015-05-18,23.3
2015-05-19,27
2015-05-20,23.4
2015-05-21,27.4
2015-05-22,28.9
2015-05-23,26.9
2015-05-24,29.4
2015-05-25,27.7
2015-05-26,32.4
2015-05-27,33
2015-05-28,33.2
2015-05-29,31.4
2015-05-30,24.4
2015-05-31,30.1
2015-06-01,31.1
2015-06-02,26.2
2015-06-03,28.3
2015-06-04,30.6
2015-06-05,23.8
2015-06-06,30.2
2015-06-07,31.6
2015-06-08,25.3
2015-06-09,29.4
2015-06-10,33.6
2015-06-11,27.8
2015-06-12,32.8
2015-06-13,32.5
2015-06-14,23.9
2015-06-15,29.1
2015-06-16,28.3
2015-06-17,27.9
2015-06-18,31.1
2015-06-19,30.6
2015-06-20,23.8
2015-06-21,28.3
2015-06-22,29.4
2015-06-23,30.4
2015-06-24,27.6
2015-06-25,25.3
2015-06-26,21.7
2015-06-27,27.9
2015-06-28,28.1
2015-06-29,29.5
2015-06-30,24.8
2015-07-01,25.8
2015-07-02,28.3
2015-07-03,26.8
2015-07-04,27.5
2015-07-05,27.7
2015-07-06,27.3
2015-07-07,23.9
2015-07-08,26.9
2015-07-09,27
2015-07-10,32
2015-07-11,32.2
2015-07-12,26.5
2015-07-13,26.6
2015-07-14,30.8
2015-07-15,31.4
2015-07-16,29.6
2015-07-17,28.5
2015-07-18,28.1
2015-07-19,30.8
2015-07-20,30.6
2015-07-21,29.5
2015-07-22,30.6
2015-07-23,27.8
2015-07-24,27.8
2015-07-25,30.5
2015-07-26,32.4
2015-07-27,28.3
2015-07-28,30.2
2015-07-29,32.4
2015-07-30,34.2
2015-07-31,33
2015-08-01,33.2
2015-08-02,33
2015-08-03,34
2015-08-04,34.4
2015-08-05,33.8
2015-08-06,34.3
2015-08-07,35.3
2015-08-08,34.1
2015-08-09,32.5
2015-08-10,30
2015-08-11,29.2
2015-08-12,28.4
2015-08-13,30.4
2015-08-14,31.2
2015-08-15,32.6
2015-08-16,29.5
2015-08-17,32
2015-08-18,29
2015-08-19,30.2
2015-08-20,26.3
2015-08-21,28.9
2015-08-22,27.7
2015-08-23,30
2015-08-24,28.2
2015-08-25,24.7
2015-08-26,27.9
2015-08-27,28.1
2015-08-28,28.8
2015-08-29,28.9
2015-08-30,30.2
2015-08-31,30.2
2015-09-01,29.4
2015-09-02,28
2015-09-03,27.6
2015-09-04,29.1
2015-09-05,26.5
2015-09-06,25.8
2015-09-07,27.8
2015-09-08,27.2
2015-09-09,27.9
2015-09-10,27.5
2015-09-11,27.4
2015-09-12,21.8
2015-09-13,24.6
2015-09-14,26.8
2015-09-15,26.7
2015-09-16,24.2
2015-09-17,27.7
2015-09-18,27.7
2015-09-19,27.1
2015-09-20,25.6
2015-09-21,28.8
2015-09-22,30.3
2015-09-23,23
2015-09-24,28.3
2015-09-25,26.9
2015-09-26,24.7
2015-09-27,28.9
2015-09-28,31.7
2015-09-29,29.8
2015-09-30,24.3
2015-10-01,23.5
2015-10-02,21.3
2015-10-03,24.3
2015-10-04,25.6
2015-10-05,25.7
2015-10-06,26
2015-10-07,26.1
2015-10-08,24
2015-10-09,20.7
2015-10-10,22.1
2015-10-11,17.5
2015-10-12,18.6
2015-10-13,20.8
2015-10-14,23.3
2015-10-15,23.4
2015-10-16,22.3
2015-10-17,24.7
2015-10-18,25.2
2015-10-19,24.9
2015-10-20,24.2
2015-10-21,24.6
2015-10-22,24.5
2015-10-23,22.1
2015-10-24,19.3
2015-10-25,22.3
2015-10-26,22
2015-10-27,17
2015-10-28,16.9
2015-10-29,16.1
2015-10-30,12.7
2015-10-31,13
2015-11-01,10.3
2015-11-02,15.6
2015-11-03,18.6
2015-11-04,20
2015-11-05,19.5
2015-11-06,21.4
2015-11-07,17.1
2015-11-08,17.8
2015-11-09,16
2015-11-10,14.2
2015-11-11,17.1
2015-11-12,20.2
2015-11-13,15.6
2015-11-14,14.6
2015-11-15,18.4
2015-11-16,16.6
2015-11-17,17.2
2015-11-18,15.5
2015-11-19,14.3
2015-11-20,16
2015-11-21,13.6
2015-11-22,17.3
2015-11-23,13.6
2015-11-24,10.7
2015-11-25,7.5
2015-11-26,4.1
2015-11-27,2.4
2015-11-28,8.3
2015-11-29,12.2
2015-11-30,12.2
2015-12-01,12.4
2015-12-02,13.1
2015-12-03,6.9
2015-12-04,5.6
2015-12-05,8.8
2015-12-06,6.9
2015-12-07,7.9
2015-12-08,9.7
2015-12-09,13.9
2015-12-10,11.6
2015-12-11,9.3
2015-12-12,11.2
2015-12-13,14.1
2015-12-14,9.5
2015-12-15,9.3
2015-12-16,5.5
2015-12-17,2.2
2015-12-18,4.5
2015-12-19,9
2015-12-20,5.4
2015-12-21,11
2015-12-22,10.2
2015-12-23,7.3
2015-12-24,7.5
2015-12-25,5.1
2015-12-26,11.5
2015-12-27,3
2015-12-28,2.5
2015-12-29,4.9
2015-12-30,8
2015-12-31,5.7
2016-01-01,7.7
2016-01-02,12.9
2016-01-03,14
2016-01-04,9.6
2016-01-05,4.1
2016-01-06,5.4
2016-01-07,4.5
2016-01-08,4.1
2016-01-09,6
2016-01-10,7.3
2016-01-11,3.6
2016-01-12,2.5
2016-01-13,1.1
2016-01-14,4
2016-01-15,6.4
2016-01-16,8.9
2016-01-17,5.8
2016-01-18,2.5
2016-01-19,-4.7
2016-01-20,-4
2016-01-21,-2
2016-01-22,-1
2016-01-23,-4.4
2016-01-24,-8.5
2016-01-25,-2.1
2016-01-26,3.2
2016-01-27,4.9
2016-01-28,2.6
2016-01-29,4.5
2016-01-30,5.3
2016-01-31,1.1
2016-02-01,0.6
2016-02-02,1.5
2016-02-03,4.6
2016-02-04,4.8
2016-02-05,4.4
2016-02-06,3.1
2016-02-07,3.2
2016-02-08,8.3
2016-02-09,7.4
2016-02-10,12.5
2016-02-11,17.4
2016-02-12,14.5
2016-02-13,21.9
2016-02-14,5.5
2016-02-15,0.7
2016-02-16,4.8
2016-02-17,6.3
2016-02-18,10.9
2016-02-19,8.4
2016-02-20,9.2
2016-02-21,5.7
2016-02-22,5.5
2016-02-23,8.8
2016-02-24,2.5
2016-02-25,6.3
2016-02-26,5.5
2016-02-27,11.4
2016-02-28,13.4
2016-02-29,0.8
2016-03-01,3.8
2016-03-02,11.4
2016-03-03,17.1
2016-03-04,14
2016-03-05,19.4
2016-03-06,14.5
2016-03-07,17.3
2016-03-08,9
2016-03-09,7.9
2016-03-10,6.1
2016-03-11,5.4
2016-03-12,9.6
2016-03-13,9.4
2016-03-14,9.6
2016-03-15,13.1
2016-03-16,15.5
2016-03-17,18.9
2016-03-18,16.2
2016-03-19,16.3
2016-03-20,15.8
2016-03-21,16.2
2016-03-22,15.7
2016-03-23,14.2
2016-03-24,13.8
2016-03-25,12.7
2016-03-26,11.8
2016-03-27,14
2016-03-28,18
2016-03-29,18.8
2016-03-30,21.6
2016-03-31,22.9
2016-04-01,23.8
2016-04-02,24
2016-04-03,16.7
2016-04-04,17.9
2016-04-05,19.4
2016-04-06,22.9
2016-04-07,16.5
2016-04-08,21.3
2016-04-09,24
2016-04-10,23.8
2016-04-11,20.4
2016-04-12,23.9
2016-04-13,19.5
2016-04-14,17.3
2016-04-15,25.3
2016-04-16,20.1
2016-04-17,18
2016-04-18,17.7
2016-04-19,19.9
2016-04-20,22
2016-04-21,16.5
2016-04-22,25.8
2016-04-23,23.7
2016-04-24,24.3
2016-04-25,26.4
2016-04-26,25.8
2016-04-27,16
2016-04-28,19.1
2016-04-29,21.5
2016-04-30,25.2
2016-05-01,27.7
2016-05-02,26.2
2016-05-03,20.2
2016-05-04,21.4
2016-05-05,28
2016-05-06,26.5
2016-05-07,22.5
2016-05-08,26.5
2016-05-09,23.8
2016-05-10,16.1
2016-05-11,22.1
2016-05-12,25.5
2016-05-13,22.3
2016-05-14,26.3
2016-05-15,25.1
2016-05-16,21.7
2016-05-17,26.1
2016-05-18,30.1
2016-05-19,29.1
2016-05-20,29.5
2016-05-21,29.7
2016-05-22,30
2016-05-23,29.6
2016-05-24,21.9
2016-05-25,25.6
2016-05-26,26.4
2016-05-27,29.4
2016-05-28,26.3
2016-05-29,25.4
2016-05-30,27.5
2016-05-31,26.9
2016-06-01,27.8
2016-06-02,27.9
2016-06-03,29.1
2016-06-04,22.4
2016-06-05,30.2
2016-06-06,24.9
2016-06-07,25.8
2016-06-08,26.1
2016-06-09,30
2016-06-10,29.4
2016-06-11,28.9
2016-06-12,26.1
2016-06-13,28.1
2016-06-14,29.7
2016-06-15,25.5
2016-06-16,24.5
2016-06-17,29.5
2016-06-18,31.3
2016-06-19,29
2016-06-20,26.4
2016-06-21,30.1
2016-06-22,28.6
2016-06-23,29.7
2016-06-24,24.8
2016-06-25,26.8
2016-06-26,28.5
2016-06-27,26.7
2016-06-28,27
2016-06-29,27.5
2016-06-30,30.5
2016-07-01,28.7
2016-07-02,27.6
2016-07-03,24.6
2016-07-04,28.8
2016-07-05,31.6
2016-07-06,27.5
2016-07-07,29.4
2016-07-08,32.3
2016-07-09,32.5
2016-07-10,30.6
2016-07-11,30.7
2016-07-12,28.4
2016-07-13,30.1
2016-07-14,28.9
2016-07-15,30.8
2016-07-16,26.7
2016-07-17,26.9
2016-07-18,28.7
2016-07-19,32.7
2016-07-20,33.7
2016-07-21,33.5
2016-07-22,34
2016-07-23,33.8
2016-07-24,33.8
2016-07-25,32.8
2016-07-26,33.6
2016-07-27,33.1
2016-07-28,32.1
2016-07-29,34.5
2016-07-30,34.3
2016-07-31,33.6
2016-08-01,33
2016-08-02,30.9
2016-08-03,31.1
2016-08-04,34.6
2016-08-05,34.5
2016-08-06,33.9
2016-08-07,33.3
2016-08-08,33.5
2016-08-09,33.3
2016-08-10,34.1
2016-08-11,34.9
2016-08-12,35.3
2016-08-13,34.1
2016-08-14,34
2016-08-15,33.8
2016-08-16,34.1
2016-08-17,33.5
2016-08-18,34.4
2016-08-19,35.2
2016-08-20,36.2
2016-08-21,34.4
2016-08-22,35.1
2016-08-23,30.7
2016-08-24,34
2016-08-25,33.7
2016-08-26,26.7
2016-08-27,27.8
2016-08-28,23.4
2016-08-29,27.7
2016-08-30,24.5
2016-08-31,26.5
2016-09-01,32.5
2016-09-02,25.2
2016-09-03,30.8
2016-09-04,31.4
2016-09-05,30.3
2016-09-06,28.9
2016-09-07,28.7
2016-09-08,28.8
2016-09-09,29.2
2016-09-10,28.4
2016-09-11,29.7
2016-09-12,29.2
2016-09-13,30.7
2016-09-14,29.2
2016-09-15,29.8
2016-09-16,23.2
2016-09-17,21.3
2016-09-18,20.4
2016-09-19,27.2
2016-09-20,25.4
2016-09-21,24.9
2016-09-22,26
2016-09-23,27
2016-09-24,28.2
2016-09-25,25.6
2016-09-26,28
2016-09-27,30.1
2016-09-28,25
2016-09-29,24.9
2016-09-30,19.6
2016-10-01,21.8
2016-10-02,28.9
2016-10-03,24.4
2016-10-04,29.8
2016-10-05,24.2
2016-10-06,23.6
2016-10-07,24
2016-10-08,22
2016-10-09,17
2016-10-10,17.4
2016-10-11,21.7
2016-10-12,21.5
2016-10-13,19.8
2016-10-14,24.5
2016-10-15,25.7
2016-10-16,20.9
2016-10-17,22.5
2016-10-18,21.9
2016-10-19,22.3
2016-10-20,22.1
2016-10-21,21.3
2016-10-22,21.2
2016-10-23,19.9
2016-10-24,19.6
2016-10-25,19.6
2016-10-26,19.2
2016-10-27,19.3
2016-10-28,16.2
2016-10-29,13.8
2016-10-30,15
2016-10-31,13
2016-11-01,9.2
2016-11-02,12.1
2016-11-03,14.4
2016-11-04,18.1
2016-11-05,20.6
2016-11-06,21.1
2016-11-07,19.5
2016-11-08,12.2
2016-11-09,9.3
2016-11-10,11.7
2016-11-11,15.1
2016-11-12,19.9
2016-11-13,20.4
2016-11-14,19.2
2016-11-15,14.6
2016-11-16,12.9
2016-11-17,17.6
2016-11-18,16.8
2016-11-19,14.4
2016-11-20,17.6
2016-11-21,14.4
2016-11-22,10.7
2016-11-23,6.1
2016-11-24,5.1
2016-11-25,8.5
2016-11-26,5.2
2016-11-27,10.2
2016-11-28,8.9
2016-11-29,8.9
2016-11-30,10.8
2016-12-01,11.6
2016-12-02,8.6
2016-12-03,10
2016-12-04,10.7
2016-12-05,14.3
2016-12-06,5.9
2016-12-07,9.6
2016-12-08,10.6
2016-12-09,9.5
2016-12-10,5.6
2016-12-11,7.8
2016-12-12,13.3
2016-12-13,9.4
2016-12-14,4.5
2016-12-15,3.6
2016-12-16,3.2
2016-12-17,11
2016-12-18,11.5
2016-12-19,14.5
2016-12-20,13.7
2016-12-21,16
2016-12-22,16.9
2016-12-23,4.5
2016-12-24,2.4
2016-12-25,9
2016-12-26,5.7
2016-12-27,4.8
2016-12-28,3
2016-12-29,1.8
2016-12-30,5.1
2017-01-01,10.7
2017-01-02,10.3
2017-01-03,8.7
2017-01-04,9.3
2017-01-05,9.5
2017-01-06,12
2017-01-07,9.8
2017-01-08,13.7
2017-01-09,7.9
2017-01-10,4.9
2017-01-11,1.9
2017-01-12,7.8
2017-01-13,2.7
2017-01-14,-1.5
2017-01-15,0.7
2017-01-16,3.7
2017-01-17,3.9
2017-01-18,6.6
2017-01-19,5.8
2017-01-20,1.5
2017-01-21,3.2
2017-01-22,0.6
2017-01-23,-0.8
2017-01-24,1.9
2017-01-25,2.1
2017-01-26,6.7
2017-01-27,7.3
2017-01-28,8.8
2017-01-29,8.1
2017-01-30,2.5
2017-01-31,2.3
2017-02-01,4.5
2017-02-02,4.4
2017-02-03,7.4
2017-02-04,9.9
2017-02-05,6.3
2017-02-06,4.1
2017-02-07,6
2017-02-08,4.5
2017-02-09,1.7
2017-02-10,1
2017-02-11,2
2017-02-12,5
2017-02-13,6.9
2017-02-14,7.5
2017-02-15,10.9
2017-02-16,15.7
2017-02-17,12.2
2017-02-18,5.1
2017-02-19,10.7
2017-02-20,11.2
2017-02-21,7.9
2017-02-22,7.9
2017-02-23,5.2
2017-02-24,5.4
2017-02-25,8.9
2017-02-26,9.7
2017-02-27,10.7
2017-02-28,12.8
2017-03-01,13.7
2017-03-02,5.8
2017-03-03,11.7
2017-03-04,13.6
2017-03-05,13.3
2017-03-06,7.2
2017-03-07,3.5
2017-03-08,6.7
2017-03-09,11.1
2017-03-10,12.8
2017-03-11,16.9
2017-03-12,16.6
2017-03-13,13.9
2017-03-14,11.3
2017-03-15,12
2017-03-16,12.9
2017-03-17,16.2
2017-03-18,17.3
2017-03-19,18.9
2017-03-20,12.8
2017-03-21,10.4
2017-03-22,13.3
2017-03-23,15
2017-03-24,14.2
2017-03-25,9.5
2017-03-26,11.5
2017-03-27,11.2
2017-03-28,14.1
2017-03-29,15.2
2017-03-30,19.3
2017-03-31,15.1
2017-04-01,13.7
2017-04-02,15.6
2017-04-03,18.5
2017-04-04,22.5
2017-04-05,16.5
2017-04-06,16
2017-04-07,22.9
2017-04-08,22.1
2017-04-09,22.1
2017-04-10,22.6
2017-04-11,16.9
2017-04-12,17.5
2017-04-13,20
2017-04-14,21
2017-04-15,25.1
2017-04-16,28.7
2017-04-17,17.5
2017-04-18,22.7
2017-04-19,18.2
2017-04-20,15.1
2017-04-21,19.4
2017-04-22,20.9
2017-04-23,22.7
2017-04-24,23.2
2017-04-25,22.3
2017-04-26,20.8
2017-04-27,19.5
2017-04-28,24.1
2017-04-29,25.4
2017-04-30,27.8
2017-05-01,28.4
2017-05-02,26.8
2017-05-03,28.6
2017-05-04,27.8
2017-05-05,26.3
2017-05-06,22.1
2017-05-07,23.2
2017-05-08,23.8
2017-05-09,18.5
2017-05-10,17.3
2017-05-11,26.6
2017-05-12,22.9
2017-05-13,26.1
2017-05-14,21.2
2017-05-15,21.5
2017-05-16,22.5
2017-05-17,25.2
2017-05-18,26.5
2017-05-19,28.5
2017-05-20,26.6
2017-05-21,27.4
2017-05-22,27.6
2017-05-23,26.3
2017-05-24,25.4
2017-05-25,26.8
2017-05-26,21.2
2017-05-27,25.7
2017-05-28,29.5
2017-05-29,30.3
2017-05-30,30
2017-05-31,27.2
2017-06-01,24
2017-06-02,25.2
2017-06-03,23.5
2017-06-04,27.4
2017-06-05,29
2017-06-06,23.3
2017-06-07,21.1
2017-06-08,25.3
2017-06-09,28
2017-06-10,25.6
2017-06-11,29.2
2017-06-12,27.1
2017-06-13,26.6
2017-06-14,26.4
2017-06-15,28.1
2017-06-16,30.7
2017-06-17,30.6
2017-06-18,31.4
2017-06-19,31.8
2017-06-20,28.9
2017-06-21,28.6
2017-06-22,30.5
2017-06-23,33
2017-06-24,30.6
2017-06-25,29
2017-06-26,27
2017-06-27,29
2017-06-28,30.1
2017-06-29,30
2017-06-30,29.5
2017-07-01,29.1
2017-07-02,29.5
2017-07-03,30.1
2017-07-04,28
2017-07-05,32.2
2017-07-06,31.3
2017-07-07,30.2
2017-07-08,29.4
2017-07-09,33.1
2017-07-10,29.9
2017-07-11,30.9
2017-07-12,32
2017-07-13,31.7
2017-07-14,32.9
2017-07-15,27.1
2017-07-16,31
2017-07-17,29.4
2017-07-18,27.7
2017-07-19,32
2017-07-20,34.1
2017-07-21,34.3
2017-07-22,32.4
2017-07-23,31
2017-07-24,32
2017-07-25,31.6
2017-07-26,32.9
2017-07-27,32.8
2017-07-28,31
2017-07-29,31.8
2017-07-30,31.5
2017-07-31,26.6
2017-08-01,33.8
2017-08-02,33.5
2017-08-03,33.6
2017-08-04,35
2017-08-05,35.1
2017-08-06,35
2017-08-07,33.1
2017-08-08,31.7
2017-08-09,28.2
2017-08-10,30.8
2017-08-11,32.1
2017-08-12,31.2
2017-08-13,26.8
2017-08-14,26.3
2017-08-15,27.4
2017-08-16,30.2
2017-08-17,29.9
2017-08-18,30
2017-08-19,30.8
2017-08-20,31.2
2017-08-21,28.9
2017-08-22,31.7
2017-08-23,33.1
2017-08-24,31.5
2017-08-25,31.5
2017-08-26,29
2017-08-27,30.4
2017-08-28,28.8
2017-08-29,26.9
2017-08-30,21.9
2017-08-31,27.2
2017-09-01,28.4
2017-09-02,27
2017-09-03,28.9
2017-09-04,28.4
2017-09-05,22.5
2017-09-06,23.3
2017-09-07,26.9
2017-09-08,27.1
2017-09-09,28
2017-09-10,29.3
2017-09-11,23.4
2017-09-12,27.2
2017-09-13,27
2017-09-14,28.2
2017-09-15,26.6
2017-09-16,25.4
2017-09-17,28.1
2017-09-18,26.3
2017-09-19,28.2
2017-09-20,25.3
2017-09-21,25.7
2017-09-22,27.4
2017-09-23,25.9
2017-09-24,27.9
2017-09-25,30.4
2017-09-26,30.7
2017-09-27,23.9
2017-09-28,24.9
2017-09-29,22.3
2017-09-30,27.5
2017-10-01,19.8
2017-10-02,23.4
2017-10-03,23.4
2017-10-04,23.6
2017-10-05,22
2017-10-06,18.5
2017-10-07,25.2
2017-10-08,28
2017-10-09,27.7
2017-10-10,28
2017-10-11,21.9
2017-10-12,14.3
2017-10-13,18.9
2017-10-14,21.1
2017-10-15,20.6
2017-10-16,21
2017-10-17,22.2
2017-10-18,20.3
2017-10-19,22.4
2017-10-20,23.5
2017-10-21,23.2
2017-10-22,22.6
2017-10-23,19.4
2017-10-24,19
2017-10-25,18.8
2017-10-26,20
2017-10-27,22.1
2017-10-28,23.5
2017-10-29,18
2017-10-30,13.4
2017-10-31,16.9
2017-11-01,18.9
2017-11-02,19.2
2017-11-03,17.2
2017-11-04,13.2
2017-11-05,15.6
2017-11-06,16.7
2017-11-07,22.1
2017-11-08,18.5
2017-11-09,17.6
2017-11-10,19.9
2017-11-11,12.7
2017-11-12,12.9
2017-11-13,13.6
2017-11-14,14.2
2017-11-15,11
2017-11-16,9.5
2017-11-17,11.4
2017-11-18,9.3
2017-11-19,5.4
2017-11-20,9.4
2017-11-21,9.7
2017-11-22,11.3
2017-11-23,5.4
2017-11-24,7.3
2017-11-25,12.4
2017-11-26,12.2
2017-11-27,9.8
2017-11-28,14.4
2017-11-29,11
2017-11-30,5.5
2017-12-01,4.6
2017-12-02,9.3
2017-12-03,14.1
2017-12-04,7.5
2017-12-05,1.8
2017-12-06,8.9
2017-12-07,7.4
2017-12-08,2.7
2017-12-09,5.6
2017-12-10,9.8
2017-12-11,0.3
2017-12-12,-2.1
2017-12-13,0
2017-12-14,1.3
2017-12-15,4.6
2017-12-16,1.6
2017-12-17,0.4
2017-12-18,7.1
2017-12-19,4.8
2017-12-20,6.3
2017-12-21,4.2
2017-12-22,9
2017-12-23,12.4
2017-12-24,9.5
2017-12-25,3.6
2017-12-26,4.8
2017-12-27,0.3
2017-12-28,2.7
2017-12-29,7.4
2017-12-30,8.2
2017-12-31,6.2
2018-01-01,5.2
2018-01-02,6.7
2018-01-03,1.6
2018-01-04,0.8
2018-01-05,4.1
2018-01-06,5
2018-01-07,3.6
2018-01-08,3
2018-01-09,0.9
2018-01-10,0.1
2018-01-11,-4.8
2018-01-12,-4.8
2018-01-13,4.5
2018-01-14,7.5
2018-01-15,9.9
2018-01-16,8.6
2018-01-17,7.4
2018-01-18,8.2
2018-01-19,5
2018-01-20,8.2
2018-01-21,6.2
2018-01-22,10.1
2018-01-23,0.1
2018-01-24,-6.3
2018-01-25,-4.5
2018-01-26,-4.6
2018-01-27,-1.6
2018-01-28,1.9
2018-01-29,-1.4
2018-01-30,1.5
2018-01-31,4.8
2018-02-01,4.1
2018-02-02,3.6
2018-02-03,-0.9
2018-02-04,-2
2018-02-05,-1.4
2018-02-06,-2.3
2018-02-07,-0.1
2018-02-08,5.8
2018-02-09,8.9
2018-02-10,7.3
2018-02-11,0.5
2018-02-12,1.4
2018-02-13,5.8
2018-02-14,12.5
2018-02-15,6.7
2018-02-16,6.9
2018-02-17,4.4
2018-02-18,7.2
2018-02-19,10.6
2018-02-20,8.6
2018-02-21,5.3
2018-02-22,7.6
2018-02-23,11.3
2018-02-24,11.9
2018-02-25,10.8
2018-02-26,12.3
2018-02-27,14.7
2018-02-28,11.8
2018-03-01,4.9
2018-03-02,8.5
2018-03-03,18.9
2018-03-04,22.7
2018-03-05,16.8
2018-03-06,14.2
2018-03-07,12.3
2018-03-08,6.4
2018-03-09,6
2018-03-10,10.6
2018-03-11,14
2018-03-12,17.5
2018-03-13,22
2018-03-14,24.6
2018-03-15,16.8
2018-03-16,13.5
2018-03-17,14
2018-03-18,12.3
2018-03-19,14.2
2018-03-20,12.2
2018-03-21,3.6
2018-03-22,11.6
2018-03-23,12.6
2018-03-24,16.2
2018-03-25,18.5
2018-03-26,19.6
2018-03-27,21.8
2018-03-28,22.2
2018-03-29,22
2018-03-30,22
2018-03-31,22.9
2018-04-01,22.8
2018-04-02,25.7
2018-04-03,25.3
2018-04-04,18.5
2018-04-05,12.7
2018-04-06,10.6
2018-04-07,9.2
2018-04-08,15.4
2018-04-09,18.9
2018-04-10,24.2
2018-04-11,20.6
2018-04-12,19.8
2018-04-13,18.5
2018-04-14,15
2018-04-15,15.1
2018-04-16,18
2018-04-17,20.3
2018-04-18,20.1
2018-04-19,22.3
2018-04-20,28.4
2018-04-21,27.7
2018-04-22,25.4
2018-04-23,17.5
2018-04-24,15.4
2018-04-25,22
2018-04-26,22.5
2018-04-27,21.6
2018-04-28,22.7
2018-04-29,25.2
2018-04-30,26.4
2018-05-01,27
2018-05-02,22.2
2018-05-03,15.7
2018-05-04,19.8
2018-05-05,26.3
2018-05-06,19.7
2018-05-07,22.3
2018-05-08,23.5
2018-05-09,21.9
2018-05-10,21.6
2018-05-11,24.5
2018-05-12,19.4
2018-05-13,19.6
2018-05-14,27.6
2018-05-15,30.3
2018-05-16,27.9
2018-05-17,29.2
2018-05-18,24.7
2018-05-19,24.4
2018-05-20,25.6
2018-05-21,25.5
2018-05-22,25.6
2018-05-23,23.8
2018-05-24,26.1
2018-05-25,26.3
2018-05-26,29
2018-05-27,26.4
2018-05-28,29.5
2018-05-29,28.1
2018-05-30,24.3
2018-05-31,26.5
2018-06-01,30.5
2018-06-02,31
2018-06-03,31.3
2018-06-04,28.5
2018-06-05,28.2
2018-06-06,29.2
2018-06-07,29.7
2018-06-08,27.1
2018-06-09,29.7
2018-06-10,27.7
2018-06-11,25.7
2018-06-12,24.3
2018-06-13,28.7
2018-06-14,30.2
2018-06-15,28.2
2018-06-16,29.1
2018-06-17,28.2
2018-06-18,29.9
2018-06-19,23.7
2018-06-20,28.2
2018-06-21,29.2
2018-06-22,31.8
2018-06-23,30.3
2018-06-24,31.8
2018-06-25,34.8
2018-06-26,28.6
2018-06-27,29.8
2018-06-28,26.3
2018-06-29,29.7
2018-06-30,28.9
2018-07-01,28.2
2018-07-02,26.7
2018-07-03,30.8
2018-07-04,29.9
2018-07-05,30.4
2018-07-06,24.5
2018-07-07,29.4
2018-07-08,28.6
2018-07-09,24.8
2018-07-10,31.5
2018-07-11,32.8
2018-07-12,33
2018-07-13,32.9
2018-07-14,33
2018-07-15,33.9
2018-07-16,33.3
2018-07-17,33.6
2018-07-18,33.4
2018-07-19,33.3
2018-07-20,36
2018-07-21,36.3
2018-07-22,35.8
2018-07-23,36
2018-07-24,36.5
2018-07-25,34.8
2018-07-26,34.8
2018-07-27,36
2018-07-28,34.7
2018-07-29,34.9
2018-07-30,36.1
2018-07-31,36.8
2018-08-01,38.4
2018-08-02,37.2
2018-08-03,37.6
2018-08-04,34.5
2018-08-05,34
2018-08-06,35.9
2018-08-07,35.3
2018-08-08,35.5
2018-08-09,34.9
2018-08-10,35.8
2018-08-11,36
2018-08-12,36.1
2018-08-13,38.9
2018-08-14,37.2
2018-08-15,38.1
2018-08-16,36.5
2018-08-17,34
2018-08-18,32.8
2018-08-19,32.8
2018-08-20,34.4
2018-08-21,34.2
2018-08-22,37.4
2018-08-23,31.2
2018-08-24,26.6
2018-08-25,28.9
2018-08-26,23.9
2018-08-27,26
2018-08-28,30.4
2018-08-29,33.3
2018-08-30,29.1
2018-08-31,26.6
2018-09-01,30.9
2018-09-02,28.2
2018-09-03,31
2018-09-04,28
2018-09-05,28.3
2018-09-06,27.4
2018-09-07,25
2018-09-08,26.8
2018-09-09,27.4
2018-09-10,28.1
2018-09-11,25.2
2018-09-12,28.6
2018-09-13,26
2018-09-14,27.7
2018-09-15,27.1
2018-09-16,27.1
2018-09-17,27.3
2018-09-18,27.9
2018-09-19,26.1
2018-09-20,24.5
2018-09-21,22
2018-09-22,26.5
2018-09-23,25.6
2018-09-24,23.1
2018-09-25,24.7
2018-09-26,25
2018-09-27,25.3
2018-09-28,23.9
2018-09-29,27.2
2018-09-30,25.2
2018-10-01,19.3
2018-10-02,22
2018-10-03,23.8
2018-10-04,26.7
2018-10-05,19.5
2018-10-06,21.1
2018-10-07,22.8
2018-10-08,20.9
2018-10-09,21.2
2018-10-10,17.9
2018-10-11,16.8
2018-10-12,17.4
2018-10-13,19.3
2018-10-14,20.2
2018-10-15,20.7
2018-10-16,17.9
2018-10-17,19.5
2018-10-18,18
2018-10-19,19.2
2018-10-20,21
2018-10-21,21.1
2018-10-22,21.4
2018-10-23,20.2
2018-10-24,19.4
2018-10-25,22.5
2018-10-26,15.2
2018-10-27,14
2018-10-28,18.9
2018-10-29,14.9
2018-10-30,13.2
2018-10-31,13.5
2018-11-01,15.1
2018-11-02,18.5
2018-11-03,19
2018-11-04,18.9
2018-11-05,19.5
2018-11-06,18.7
2018-11-07,14.2
2018-11-08,18.3
2018-11-09,15.7
2018-11-10,18.2
2018-11-11,13.4
2018-11-12,14.5
2018-11-13,15.2
2018-11-14,15.6
2018-11-15,17.3
2018-11-16,12.6
2018-11-17,13
2018-11-18,9.9
2018-11-19,14
2018-11-20,13.8
2018-11-21,14
2018-11-22,9.3
2018-11-23,9.2
2018-11-24,10.1
2018-11-25,12.5
2018-11-26,15.2
2018-11-27,16.2
2018-11-28,11
2018-11-29,11.3
2018-11-30,11.5
2018-12-01,12.3
2018-12-02,19.6
2018-12-03,19.3
2018-12-04,13.9
2018-12-05,6.1
2018-12-06,5.2
2018-12-07,3.1
2018-12-08,-1
2018-12-09,-0.5
2018-12-10,5
2018-12-11,0.7
2018-12-12,3.4
2018-12-13,6
2018-12-14,2.2
2018-12-15,4.9
2018-12-16,6.3
2018-12-17,8.3
2018-12-18,9.5
2018-12-19,12.7
2018-12-20,11.5
2018-12-21,13.2
2018-12-22,13.2
2018-12-23,10.5
2018-12-24,4.6
2018-12-25,6.1
2018-12-26,6.3
2018-12-27,-1.1
2018-12-28,-3
2018-12-29,-1.1
2018-12-30,-0.8
2018-12-31,1.9
2019-01-01,2.6
2019-01-02,2.7
2019-01-03,4.4
2019-01-04,3.7
2019-01-05,4.5
2019-01-06,4.1
2019-01-07,5
2019-01-08,3.4
2019-01-09,1.2
2019-01-10,3
2019-01-11,8.3
2019-01-12,8.2
2019-01-13,7
2019-01-14,7
2019-01-15,6.1
2019-01-16,1
2019-01-17,4
2019-01-18,7.5
2019-01-19,7.7
2019-01-20,4
2019-01-21,6.3
2019-01-22,9
2019-01-23,8.9
2019-01-24,7.2
2019-01-25,4.5
2019-01-26,3.1
2019-01-27,5.7
2019-01-28,7.6
2019-01-29,6.8
2019-01-30,8.1
2019-01-31,4
2019-02-01,3
2019-02-02,9.3
2019-02-03,12.9
2019-02-04,6.5
2019-02-05,13.6
2019-02-06,14
2019-02-07,7.1
2019-02-08,2.6
2019-02-09,2.7
2019-02-10,2.2
2019-02-11,4
2019-02-12,5.9
2019-02-13,5.2
2019-02-14,6.5
2019-02-15,5
2019-02-16,3
2019-02-17,5.7
2019-02-18,7
2019-02-19,4.5
2019-02-20,7.2
2019-02-21,8.6
2019-02-22,10
2019-02-23,15
2019-02-24,14
2019-02-25,11.3
2019-02-26,12.5
2019-02-27,9.1
2019-02-28,13.4
2019-03-01,13.3
2019-03-02,17.2
2019-03-03,15.3
2019-03-04,14.5
2019-03-05,14.1
2019-03-06,16.3
2019-03-07,11.8
2019-03-08,14.7
2019-03-09,16.9
2019-03-10,10.6
2019-03-11,10.5
2019-03-12,11.9
2019-03-13,9.6
2019-03-14,13
2019-03-15,13.2
2019-03-16,12.4
2019-03-17,13.8
2019-03-18,15.3
2019-03-19,18.2
2019-03-20,18.9
2019-03-21,16
2019-03-22,10.3
2019-03-23,10
2019-03-24,10.8
2019-03-25,15
2019-03-26,19.8
2019-03-27,22.7
2019-03-28,17.6
2019-03-29,17.3
2019-03-30,9.8
2019-03-31,8.9
2019-04-01,12.1
2019-04-02,13
2019-04-03,13.8
2019-04-04,17.1
2019-04-05,18
2019-04-06,21.8
2019-04-07,20.3
2019-04-08,20.1
2019-04-09,19.9
2019-04-10,10.2
2019-04-11,15.1
2019-04-12,17.3
2019-04-13,19.2
2019-04-14,14.5
2019-04-15,18.8
2019-04-16,23.8
2019-04-17,23
2019-04-18,23.1
2019-04-19,21.4
2019-04-20,22.9
2019-04-21,21.9
2019-04-22,29
2019-04-23,22.4
2019-04-24,20.2
2019-04-25,16.8
2019-04-26,10.3
2019-04-27,18.8
2019-04-28,18
2019-04-29,14
2019-04-30,21
2019-05-01,19.7
2019-05-02,22.4
2019-05-03,27.2
2019-05-04,26.9
2019-05-05,26.6
2019-05-06,20.4
2019-05-07,22.2
2019-05-08,22.3
2019-05-09,22.8
2019-05-10,26.5
2019-05-11,26
2019-05-12,28
2019-05-13,28.8
2019-05-14,28
2019-05-15,29.1
2019-05-16,30.6
2019-05-17,29.2
2019-05-18,23.8
2019-05-19,25.6
2019-05-20,22
2019-05-21,23.8
2019-05-22,28.1
2019-05-23,29.8
2019-05-24,32.4
2019-05-25,29.6
2019-05-26,30.9
2019-05-27,21.3
2019-05-28,22.1
2019-05-29,25.8
2019-05-30,26.8
2019-05-31,23.4
2019-06-01,25.8
2019-06-02,27.8
2019-06-03,30
2019-06-04,30.4
2019-06-05,28.6
2019-06-06,30.4
2019-06-07,20.9
2019-06-08,26.4
2019-06-09,27.1
2019-06-10,21.7
2019-06-11,23.2
2019-06-12,26.4
2019-06-13,29.4
2019-06-14,25.9
2019-06-15,25.1
2019-06-16,27.1
2019-06-17,27.3
2019-06-18,26.6
2019-06-19,27.7
2019-06-20,28.5
2019-06-21,28.6
2019-06-22,27.4
2019-06-23,29.7
2019-06-24,28.8
2019-06-25,32.9
2019-06-26,23.9
2019-06-27,28.2
2019-06-28,29
2019-06-29,22.5
2019-06-30,28.1
2019-07-01,26.7
2019-07-02,28.4
2019-07-03,29.2
2019-07-04,30.8
2019-07-05,32.7
2019-07-06,34
2019-07-07,30.9
2019-07-08,29.6
2019-07-09,29.5
2019-07-10,23.6
2019-07-11,23.1
2019-07-12,27.3
2019-07-13,28
2019-07-14,29.7
2019-07-15,29
2019-07-16,30.8
2019-07-17,31.5
2019-07-18,29.9
2019-07-19,29.3
2019-07-20,29.3
2019-07-21,27.4
2019-07-22,31.9
2019-07-23,32.9
2019-07-24,30.1
2019-07-25,31.6
2019-07-26,30.5
2019-07-27,29.9
2019-07-28,29.5
2019-07-29,33.2
2019-07-30,33.9
2019-07-31,33.3
2019-08-01,34
2019-08-02,33.9
2019-08-03,34.1
2019-08-04,34.1
2019-08-05,34.6
2019-08-06,32.5
2019-08-07,33.3
2019-08-08,33.2
2019-08-09,33.1
2019-08-10,34.9
2019-08-11,34
2019-08-12,32.3
2019-08-13,35.1
2019-08-14,35.1
2019-08-15,28.9
2019-08-16,29.2
2019-08-17,30.7
2019-08-18,30.4
2019-08-19,32.4
2019-08-20,33
2019-08-21,31.8
2019-08-22,31
2019-08-23,28.9
2019-08-24,27.6
2019-08-25,28.8
2019-08-26,32
2019-08-27,25.5
2019-08-28,26.8
2019-08-29,27.4
2019-08-30,27.8
2019-08-31,28
2019-09-01,27.8
2019-09-02,24.2
2019-09-03,26.1
2019-09-04,28.8
2019-09-05,29.5
2019-09-06,29.5
2019-09-07,29
2019-09-08,29.3
2019-09-09,28
2019-09-10,31.8
2019-09-11,29.1
2019-09-12,26
2019-09-13,29.1
2019-09-14,28.3
2019-09-15,30
2019-09-16,28.9
2019-09-17,29.4
2019-09-18,28.6
2019-09-19,26.3
2019-09-20,22.3
2019-09-21,20.5
2019-09-22,20.8
2019-09-23,24.3
2019-09-24,24.9
2019-09-25,25
2019-09-26,26.4
2019-09-27,29.3
2019-09-28,29
2019-09-29,27.9
2019-09-30,29.3
2019-10-01,24.7
2019-10-02,21.6
2019-10-03,27.3
2019-10-04,27.9
2019-10-05,20.3
2019-10-06,24.5
2019-10-07,18.5
2019-10-08,21.3
2019-10-09,20.7
2019-10-10,22.5
2019-10-11,25.2
2019-10-12,24.5
2019-10-13,25.4
2019-10-14,21.4
2019-10-15,21
2019-10-16,21.1
2019-10-17,19.9
2019-10-18,21.6
2019-10-19,22.6
2019-10-20,23
2019-10-21,24.2
2019-10-22,24.7
2019-10-23,19.8
2019-10-24,24.4
2019-10-25,22.9
2019-10-26,16.1
2019-10-27,17.1
2019-10-28,18.6
2019-10-29,18.4
2019-10-30,17.5
2019-10-31,20.7
2019-11-01,21.8
2019-11-02,21.3
2019-11-03,20.5
2019-11-04,20.2
2019-11-05,18.9
2019-11-06,18.4
2019-11-07,17.2
2019-11-08,13.7
2019-11-09,16.7
2019-11-10,17.7
2019-11-11,16.7
2019-11-12,16.8
2019-11-13,15.2
2019-11-14,8.6
2019-11-15,17
2019-11-16,19
2019-11-17,20.1
2019-11-18,17.2
2019-11-19,7.6
2019-11-20,7.8
2019-11-21,12.7
2019-11-22,18.3
2019-11-23,21.8
2019-11-24,20.6
2019-11-25,9.6
2019-11-26,14.9
2019-11-27,9.5
2019-11-28,10.8
2019-11-29,9.1
2019-11-30,13.3
2019-12-01,7.5
2019-12-02,7.9
2019-12-03,8.1
2019-12-04,10.6
2019-12-05,5.4
2019-12-06,1.5
2019-12-07,8
2019-12-08,7.6
2019-12-09,12
2019-12-10,15.2
2019-12-11,13.6
2019-12-12,6.2
2019-12-13,9.2
2019-12-14,8.3
2019-12-15,15.4
2019-12-16,17.1
2019-12-17,13.3
2019-12-18,6.6
2019-12-19,5.8
2019-12-20,5.9
2019-12-21,6.7
2019-12-22,12.5
2019-12-23,8.9
2019-12-24,9.1
2019-12-25,11
2019-12-26,6.6
2019-12-27,5.5
2019-12-28,9.5
2019-12-29,9.7
2019-12-30,8.5
2019-12-31,0.4
2020-01-01,4.3
2020-01-02,6.5
2020-01-03,7.6
2020-01-04,7.7
2020-01-05,8.6
2020-01-06,9.1
2020-01-07,16.4
2020-01-08,11.1
2020-01-09,5.2
2020-01-10,6.3
2020-01-11,7.7
2020-01-12,4.1
2020-01-13,4.8
2020-01-14,5.3
2020-01-15,4.6
2020-01-16,5.2
2020-01-17,5.6
2020-01-18,6.7
2020-01-19,7.4
2020-01-20,8
2020-01-21,7.8
2020-01-22,4.8
2020-01-23,12.4
2020-01-24,10.6
2020-01-25,8.8
2020-01-26,11.9
2020-01-27,9.7
2020-01-28,11.1
2020-01-29,10.4
2020-01-30,9.4
2020-01-31,8.8
2020-02-01,8.7
2020-02-02,7.4
2020-02-03,6.8
2020-02-04,6.4
2020-02-05,1
2020-02-06,0.5
2020-02-07,4.1
2020-02-08,6.7
2020-02-09,5.5
2020-02-10,11.8
2020-02-11,15.4
2020-02-12,12.3
2020-02-13,9.2
2020-02-14,16.2
2020-02-15,18.7
2020-02-16,5.8
2020-02-17,-1.3
2020-02-18,3.3
2020-02-19,9.8
2020-02-20,12.5
2020-02-21,16.8
2020-02-22,10.6
2020-02-23,9
2020-02-24,16.1
2020-02-25,10.4
2020-02-26,14
2020-02-27,12.3
2020-02-28,7.4
2020-02-29,14
2020-03-01,8.5
2020-03-02,9.6
2020-03-03,15.5
2020-03-04,7.8
2020-03-05,8.2
2020-03-06,12.4
2020-03-07,12.7
2020-03-08,18.6
2020-03-09,14.7
2020-03-10,9.8
2020-03-11,9.1
2020-03-12,16.7
2020-03-13,13.5
2020-03-14,9.7
2020-03-15,13
2020-03-16,11.3
2020-03-17,15.7
2020-03-18,20.1
2020-03-19,16.1
2020-03-20,15.9
2020-03-21,23.7
2020-03-22,21.1
2020-03-23,16
2020-03-24,19.1
2020-03-25,23.3
2020-03-26,17
2020-03-27,15.6
2020-03-28,11.6
2020-03-29,15.9
2020-03-30,17.5
2020-03-31,19.5
2020-04-01,17.2
2020-04-02,17.2
2020-04-03,17.4
2020-04-04,15.5
2020-04-05,13.3
2020-04-06,17.4
2020-04-07,17.7
2020-04-08,17
2020-04-09,14.8
2020-04-10,16.6
2020-04-11,12.2
2020-04-12,15.5
2020-04-13,16.5
2020-04-14,20.1
2020-04-15,20.5
2020-04-16,25
2020-04-17,20.5
2020-04-18,17.2
2020-04-19,16.1
2020-04-20,16.2
2020-04-21,13.8
2020-04-22,11.6
2020-04-23,14.3
2020-04-24,16.5
2020-04-25,22.8
2020-04-26,19.6
2020-04-27,18.6
2020-04-28,20.8
2020-04-29,23
2020-04-30,27.1
2020-05-01,29.1
2020-05-02,25.9
2020-05-03,23
2020-05-04,24.2
2020-05-05,18.8
2020-05-06,29.2
2020-05-07,28.1
2020-05-08,25.6
2020-05-09,21.7
2020-05-10,16.8
2020-05-11,24
2020-05-12,21.5
2020-05-13,22.1
2020-05-14,28.8
2020-05-15,21.3
2020-05-16,18.6
2020-05-17,27.8
2020-05-18,27.8
2020-05-19,16.7
2020-05-20,21
2020-05-21,24.6
2020-05-22,26.8
2020-05-23,26.4
2020-05-24,21.9
2020-05-25,21.9
2020-05-26,24.4
2020-05-27,24.4
2020-05-28,25.2
2020-05-29,27.8
2020-05-30,28.8
2020-05-31,26.7
2020-06-01,25.4
2020-06-02,25.5
2020-06-03,29.1
2020-06-04,30.6
2020-06-05,30.4
2020-06-06,30.4
2020-06-07,30.2
2020-06-08,32.8
2020-06-09,35.1
2020-06-10,34.4
2020-06-11,31
2020-06-12,27.9
2020-06-13,29.2
2020-06-14,25.8
2020-06-15,27.9
2020-06-16,28.4
2020-06-17,26.9
2020-06-18,22.3
2020-06-19,29.2
2020-06-20,27.7
2020-06-21,31.6
2020-06-22,31.9
2020-06-23,31.1
2020-06-24,26.7
2020-06-25,24.1
2020-06-26,26.9
2020-06-27,30.8
2020-06-28,29
2020-06-29,26.5
2020-06-30,22.7
2020-07-01,25.8
2020-07-02,30
2020-07-03,24.5
2020-07-04,22.2
2020-07-05,27
2020-07-06,29
2020-07-07,28.1
2020-07-08,29
2020-07-09,31.7
2020-07-10,30.4
2020-07-11,29.4
2020-07-12,24.7
2020-07-13,24.2
2020-07-14,21.7
2020-07-15,23.1
2020-07-16,28.2
2020-07-17,29.2
2020-07-18,28.9
2020-07-19,30.2
2020-07-20,28.8
2020-07-21,30.5
2020-07-22,24.2
2020-07-23,24.9
2020-07-24,23.7
2020-07-25,26.9
2020-07-26,28.8
2020-07-27,28
2020-07-28,29
2020-07-29,26.5
2020-07-30,28.3
2020-07-31,29.9
2020-08-01,30.8
2020-08-02,32
2020-08-03,31.4
2020-08-04,33.4
2020-08-05,31
2020-08-06,28.4
2020-08-07,25.3
2020-08-08,25.8
2020-08-09,32.4
2020-08-10,30.7
2020-08-11,30.6
2020-08-12,32.6
2020-08-13,33.7
2020-08-14,32.3
2020-08-15,33.5
2020-08-16,33.6
2020-08-17,33.8
2020-08-18,33.4
2020-08-19,33
2020-08-20,33.9
2020-08-21,33.7
2020-08-22,29.4
2020-08-23,32.6
2020-08-24,33.6
2020-08-25,34.6
2020-08-26,34
2020-08-27,33.1
2020-08-28,33.9
2020-08-29,31.1
2020-08-30,32.4
2020-08-31,32.7
2020-09-01,31.8
2020-09-02,28.5
2020-09-03,26.9
2020-09-04,29.3
2020-09-05,25.3
2020-09-06,24.7
2020-09-07,22.5
2020-09-08,27.9
2020-09-09,27.3
2020-09-10,28.7
2020-09-11,24.7
2020-09-12,25.8
2020-09-13,26.3
2020-09-14,27.1
2020-09-15,29.2
2020-09-16,25.5
2020-09-17,26.3
2020-09-18,24.9
2020-09-19,26.6
2020-09-20,25.3
2020-09-21,24.7
2020-09-22,25.4
2020-09-23,25
2020-09-24,27.7
2020-09-25,26.7
2020-09-26,26.3
2020-09-27,26.5
2020-09-28,26.2
2020-09-29,25.1
2020-09-30,25.3
2020-10-01,26.1
2020-10-02,25.6
2020-10-03,25.2
2020-10-04,20.3
2020-10-05,20.2
2020-10-06,20.5
2020-10-07,24.3
2020-10-08,23.6
2020-10-09,23.9
2020-10-10,24.4
2020-10-11,24
2020-10-12,23
2020-10-13,18.3
2020-10-14,19.4
2020-10-15,19.1
2020-10-16,16.7
2020-10-17,19.9
2020-10-18,20.7
2020-10-19,22.6
2020-10-20,23.6
2020-10-21,18.3
2020-10-22,18.9
2020-10-23,15.7
2020-10-24,16
2020-10-25,19.4
2020-10-26,19.8
2020-10-27,20.9
2020-10-28,20.6
2020-10-29,17.5
2020-10-30,19.5
2020-10-31,20.5
2020-11-01,13.8
2020-11-02,17.3
2020-11-03,11.8
2020-11-04,11.4
2020-11-05,16.8
2020-11-06,17.1
2020-11-07,19.9
2020-11-08,15.9
2020-11-09,12.1
2020-11-10,14.2
2020-11-11,17.2
2020-11-12,18.4
2020-11-13,18.5
2020-11-14,20.1
2020-11-15,19.5
2020-11-16,20.3
2020-11-17,20.5
2020-11-18,24.1
2020-11-19,22.1
2020-11-20,11.2
2020-11-21,14.3
2020-11-22,10.1
2020-11-23,8.8
2020-11-24,10.4
2020-11-25,12.1
2020-11-26,12.8
2020-11-27,9.8
2020-11-28,6.2
2020-11-29,6.9
2020-11-30,8.4
2020-12-01,8.5
2020-12-02,9.7
2020-12-03,6.8
2020-12-04,6
2020-12-05,9.1
2020-12-06,9.9
2020-12-07,10
2020-12-08,5.6
2020-12-09,8.1
2020-12-10,11
2020-12-11,11.5
2020-12-12,8.9
2020-12-13,10.7
2020-12-14,-0.5
2020-12-15,-1.2
2020-12-16,-1.2
2020-12-17,2.5
2020-12-18,6
2020-12-19,0.7
2020-12-20,3.5
2020-12-21,7.1
2020-12-22,7.5
2020-12-23,10.6
2020-12-24,9
2020-12-25,5.6
2020-12-26,8
2020-12-27,9.6
2020-12-28,13.9
2020-12-29,6.3
2020-12-30,-1.6
2021-01-01,3.4
2021-01-02,1.3
2021-01-03,1.4
2021-01-04,5
2021-01-05,3.9
2021-01-06,-0.3
2021-01-07,-2.6
2021-01-08,-7.8
2021-01-09,-5
2021-01-10,-0.6
2021-01-11,-1.1
2021-01-12,4.4
2021-01-13,10.9
2021-01-14,12.8
2021-01-15,14.2
2021-01-16,2.6
2021-01-17,0.9
2021-01-18,5.5
2021-01-19,1
2021-01-20,10.7
2021-01-21,12.9
2021-01-22,10.7
2021-01-23,13.3
2021-01-24,14.4
2021-01-25,14.3
2021-01-26,8.2
2021-01-27,8.5
2021-01-28,6.9
2021-01-29,-0.2
2021-01-30,8.8
2021-01-31,12.7
2021-02-01,11.4
2021-02-02,2.9
2021-02-03,3.7
2021-02-04,3.1
2021-02-05,8.9
2021-02-06,10.8
2021-02-07,10.6
2021-02-08,3.1
2021-02-09,6.2
2021-02-10,8.9
2021-02-11,12.5
2021-02-12,15.6
2021-02-13,17.4
2021-02-14,17
2021-02-15,8.1
2021-02-16,4.2
2021-02-17,-3.4
2021-02-18,0.3
2021-02-19,10
2021-02-20,16.2
2021-02-21,22.9
2021-02-22,18.2
2021-02-23,8.1
2021-02-24,11.1
2021-02-25,9.2
2021-02-26,16.1
2021-02-27,15.3
2021-02-28,11.4
2021-03-01,17.1
2021-03-02,8.1
2021-03-03,10.7
2021-03-04,11.8
2021-03-05,16.8
2021-03-06,12.5
2021-03-07,12.3
2021-03-08,14.1
2021-03-09,13.5
2021-03-10,18
2021-03-11,18.5
2021-03-12,11.4
2021-03-13,14.8
2021-03-14,14.6
2021-03-15,19.7
2021-03-16,15.6
2021-03-17,16.9
2021-03-18,19.8
2021-03-19,20.2
2021-03-20,11.1
2021-03-21,9.7
2021-03-22,11.7
2021-03-23,16.7
2021-03-24,18.7
2021-03-25,20.3
2021-03-26,22.2
2021-03-27,17
2021-03-28,15.8
2021-03-29,16.8
2021-03-30,20.1
2021-03-31,23.7
2021-04-01,25.1
2021-04-02,26.1
2021-04-03,19.9
2021-04-04,14.1
2021-04-05,19
2021-04-06,18.7
2021-04-07,21.3
2021-04-08,18.1
2021-04-09,20.2
2021-04-10,20.4
2021-04-11,23.9
2021-04-12,15.7
2021-04-13,15.2
2021-04-14,15.2
2021-04-15,20.1
2021-04-16,15.6
2021-04-17,16.5
2021-04-18,15.7
2021-04-19,19.9
2021-04-20,24
2021-04-21,28.6
2021-04-22,28.4
2021-04-23,28.1
2021-04-24,25.6
2021-04-25,26.4
2021-04-26,23.8
2021-04-27,22.8
2021-04-28,21.1
2021-04-29,21.1
2021-04-30,15.9
2021-05-01,13.6
2021-05-02,17.9
2021-05-03,23.5
2021-05-04,22.1
2021-05-05,19.2
2021-05-06,23.6
2021-05-07,21.4
2021-05-08,24.3
2021-05-09,22.5
2021-05-10,16.6
2021-05-11,21.5
2021-05-12,28.5
2021-05-13,28.7
2021-05-14,30.8
2021-05-15,27.6
2021-05-16,23.1
2021-05-17,17.2
2021-05-18,23.9
2021-05-19,27.5
2021-05-20,19.8
2021-05-21,18.1
2021-05-22,25.1
2021-05-23,28.3
2021-05-24,23.8
2021-05-25,21
2021-05-26,24.1
2021-05-27,20.7
2021-05-28,24.7
2021-05-29,24.9
2021-05-30,29.5
2021-05-31,28.2
2021-06-01,28.5
2021-06-02,30.2
2021-06-03,21.6
2021-06-04,24
2021-06-05,26.9
2021-06-06,28.8
2021-06-07,30.3
2021-06-08,31.4
2021-06-09,33.6
2021-06-10,29.6
2021-06-11,28.7
2021-06-12,30
2021-06-13,27.3
2021-06-14,27.7
2021-06-15,23.3
2021-06-16,28.1
2021-06-17,26.2
2021-06-18,24.4
2021-06-19,28.2
2021-06-20,31.3
2021-06-21,29.7
2021-06-22,29
2021-06-23,26.2
2021-06-24,27.5
2021-06-25,29.9
2021-06-26,28.7
2021-06-27,30
2021-06-28,29.2
2021-06-29,28.2
2021-06-30,30.1
2021-07-01,31.4
2021-07-02,32
2021-07-03,26.9
2021-07-04,26.4
2021-07-05,24.9
2021-07-06,25.6
2021-07-07,29.4
2021-07-08,28.4
2021-07-09,30.3
2021-07-10,32.2
2021-07-11,31.1
2021-07-12,33.7
2021-07-13,33.8
2021-07-14,32.6
2021-07-15,35
2021-07-16,33.2
2021-07-17,32.7
2021-07-18,31.8
2021-07-19,32
2021-07-20,31.4
2021-07-21,35.1
2021-07-22,34.7
2021-07-23,36.3
2021-07-24,34.4
2021-07-25,34.7
2021-07-26,34.7
2021-07-27,34.5
2021-07-28,34.4
2021-07-29,34.2
2021-07-30,33.8
2021-07-31,33.9
2021-08-01,32.7
2021-08-02,28.8
2021-08-03,32.2
2021-08-04,33.5
2021-08-05,34.6
2021-08-06,34.3
2021-08-07,32.8
2021-08-08,30.2
2021-08-09,32.4
2021-08-10,32
2021-08-11,34.1
2021-08-12,32
2021-08-13,31.2
2021-08-14,29.2
2021-08-15,32.5
2021-08-16,31
2021-08-17,30.6
2021-08-18,29.9
2021-08-19,27.9
2021-08-20,31.6
2021-08-21,27.5
2021-08-22,29
2021-08-23,25.1
2021-08-24,29.5
2021-08-25,28.3
2021-08-26,31.2
2021-08-27,24.3
2021-08-28,29
2021-08-29,27.9
2021-08-30,28.9
2021-08-31,31.5
2021-09-01,26.2
2021-09-02,26.6
2021-09-03,29
2021-09-04,28.7
2021-09-05,23.9
2021-09-06,22.8
2021-09-07,25
2021-09-08,27.3
2021-09-09,28.9
2021-09-10,28.1
2021-09-11,29.8
2021-09-12,29.8
2021-09-13,28.4
2021-09-14,28.1
2021-09-15,29.4
2021-09-16,30.2
2021-09-17,26.6
2021-09-18,28.8
2021-09-19,28.9
2021-09-20,29
2021-09-21,26.4
2021-09-22,27.2
2021-09-23,26.7
2021-09-24,27.5
2021-09-25,25.5
2021-09-26,27.5
2021-09-27,28
2021-09-28,25.8
2021-09-29,23.4
2021-09-30,28.3
2021-10-01,29
2021-10-02,28.4
2021-10-03,31.5
2021-10-04,30.6
2021-10-05,29.1
2021-10-06,29.6
2021-10-07,26.3
2021-10-08,23.2
2021-10-09,30.2
2021-10-10,30.2
2021-10-11,17.6
2021-10-12,17.2
2021-10-13,25.5
2021-10-14,25.5
2021-10-15,22
2021-10-16,17.4
2021-10-17,12.4
2021-10-18,17.6
2021-10-19,16.3
2021-10-20,16.1
2021-10-21,16.7
2021-10-22,17.2
2021-10-23,19.4
2021-10-24,19.2
2021-10-25,18.7
2021-10-26,19.5
2021-10-27,20.2
2021-10-28,19.6
2021-10-29,21.1
2021-10-30,19.1
2021-10-31,21.2
2021-11-01,19.1
2021-11-02,16.6
2021-11-03,17.1
2021-11-04,19.3
2021-11-05,21
2021-11-06,22.6
2021-11-07,23.8
2021-11-08,18.6
2021-11-09,11
2021-11-10,10.4
2021-11-11,10.2
2021-11-12,9
2021-11-13,15.3
2021-11-14,17.4
2021-11-15,16.2
2021-11-16,15.2
2021-11-17,14.1
2021-11-18,17.2
2021-11-19,18
2021-11-20,14.8
2021-11-21,16.2
2021-11-22,13.4
2021-11-23,5.4
2021-11-24,11.5
2021-11-25,14.5
2021-11-26,11
2021-11-27,10.2
2021-11-28,13.2
2021-11-29,15.8
2021-11-30,13.2
2021-12-01,4.6
2021-12-02,8.2
2021-12-03,8.2
2021-12-04,9.3
2021-12-05,9.2
2021-12-06,13.2
2021-12-07,12.3
2021-12-08,14.1
2021-12-09,13.7
2021-12-10,12.9
2021-12-11,11.4
2021-12-12,9.2
2021-12-13,3.3
2021-12-14,9.8
2021-12-15,14.3
2021-12-16,12.3
2021-12-17,6.8
2021-12-18,2.9
2021-12-19,6.1
2021-12-20,12.1
2021-12-21,12.9
2021-12-22,10.1
2021-12-23,10.8
2021-12-24,10.3
2021-12-25,-1.5
2021-12-26,-3.5
2021-12-27,2.6
2021-12-28,6.4
2021-12-29,8.3
2021-12-30,3.2
2021-12-31,0.5
2022-01-01,2.7
2022-01-02,6.6
2022-01-03,3.8
2022-01-04,5.2
2022-01-05,3.3
2022-01-06,5.3
2022-01-07,4.8
2022-01-08,6.5
2022-01-09,6.9
2022-01-10,7.5
2022-01-11,1.9
2022-01-12,1.2
2022-01-13,0.5
2022-01-14,2.3
2022-01-15,7.3
2022-01-16,5.7
2022-01-17,2.4
2022-01-18,1.6
2022-01-19,6.6
2022-01-20,2.4
2022-01-21,6.7
2022-01-22,9
2022-01-23,8.8
2022-01-24,9.9
2022-01-25,6.4
2022-01-26,6.8
2022-01-27,6.1
2022-01-28,4.3
2022-01-29,3.9
2022-01-30,3.9
2022-01-31,5.7
2022-02-01,3.1
2022-02-02,4.1
2022-02-03,4.4
2022-02-04,2.9
2022-02-05,0.1
2022-02-06,2.6
2022-02-07,2.4
2022-02-08,6.6
2022-02-09,8.3
2022-02-10,8.8
2022-02-11,10.6
2022-02-12,12.6
2022-02-13,12.1
2022-02-14,11.7
2022-02-15,1.8
2022-02-16,0.1
2022-02-17,1
2022-02-18,7.6
2022-02-19,5.5
2022-02-20,1.6
2022-02-21,5.7
2022-02-22,3.5
2022-02-23,1.9
2022-02-24,5.2
2022-02-25,10.4
2022-02-26,13.2
2022-02-27,10.9
2022-02-28,15
2022-03-01,10.6
2022-03-02,9
2022-03-03,13.7
2022-03-04,17.5
2022-03-05,9.1
2022-03-06,7.8
2022-03-07,10.9
2022-03-08,13.8
2022-03-09,16.9
2022-03-10,18.3
2022-03-11,20.5
2022-03-12,22.2
2022-03-13,18.4
2022-03-14,17.2
2022-03-15,15.4
2022-03-16,19.9
2022-03-17,13
2022-03-18,11
2022-03-19,7
2022-03-20,9.4
2022-03-21,12.7
2022-03-22,13.4
2022-03-23,10.2
2022-03-24,16.4
2022-03-25,19.2
2022-03-26,16.7
2022-03-27,15.6
2022-03-28,15.6
2022-03-29,18.7
2022-03-30,20.4
2022-03-31,13.9
2022-04-01,16.1
2022-04-02,13.7
2022-04-03,17
2022-04-04,17.7
2022-04-05,17.7
2022-04-06,20.3
2022-04-07,16.9
2022-04-08,22.6
2022-04-09,26.4
2022-04-10,25.6
2022-04-11,27.6
2022-04-12,26.7
2022-04-13,18.5
2022-04-14,17.2
2022-04-15,19.4
2022-04-16,19.2
2022-04-17,20.3
2022-04-18,22.1
2022-04-19,23.1
2022-04-20,22.2
2022-04-21,20.9
2022-04-22,26.4
2022-04-23,25.9
2022-04-24,26
2022-04-25,26.4
2022-04-26,20.4
2022-04-27,22.2
2022-04-28,24.2
2022-04-29,18.6
2022-04-30,17.5
2022-05-01,18.4
2022-05-02,19.7
2022-05-03,21.1
2022-05-04,25
2022-05-05,26.4
2022-05-06,26.4
2022-05-07,22.8
2022-05-08,24.3
2022-05-09,23
2022-05-10,26
2022-05-11,24.4
2022-05-12,26.6
2022-05-13,21.2
2022-05-14,20.8
2022-05-15,21.2
2022-05-16,23.9
2022-05-17,27.6
2022-05-18,28.4
2022-05-19,26.2
2022-05-20,26.1
2022-05-21,25.5
2022-05-22,27.4
2022-05-23,29.4
2022-05-24,30.5
2022-05-25,27.7
2022-05-26,25
2022-05-27,25.5
2022-05-28,29.6
2022-05-29,31.3
2022-05-30,23.6
2022-05-31,27.9
2022-06-01,31.2
2022-06-02,27.8
2022-06-03,31.9
2022-06-04,32.3
2022-06-05,24.5
2022-06-06,24.6
2022-06-07,20.2
2022-06-08,24.9
2022-06-09,27.3
2022-06-10,29.3
2022-06-11,31.2
2022-06-12,28.3
2022-06-13,28.2
2022-06-14,20.7
2022-06-15,25.6
2022-06-16,26.3
2022-06-17,29.3
2022-06-18,28.7
2022-06-19,29.7
2022-06-20,32.3
2022-06-21,33
2022-06-22,32.3
2022-06-23,29.6
2022-06-24,28.5
2022-06-25,32.2
2022-06-26,32.2
2022-06-27,30.1
2022-06-28,31.2
2022-06-29,30.4
2022-06-30,30.7
2022-07-01,33.2
2022-07-02,34.1
2022-07-03,33.5
2022-07-04,32.1
2022-07-05,30.7
2022-07-06,34.7
2022-07-07,34.3
2022-07-08,30.6
2022-07-09,31
2022-07-10,34.2
2022-07-11,30.9
2022-07-12,30.7
2022-07-13,27.3
2022-07-14,28.3
2022-07-15,30.5
2022-07-16,30.6
2022-07-17,29.7
2022-07-18,26.5
2022-07-19,29.5
2022-07-20,32.1
2022-07-21,27.2
2022-07-22,29
2022-07-23,28.7
2022-07-24,26.6
2022-07-25,30.6
2022-07-26,32.4
2022-07-27,33.2
2022-07-28,34.8
2022-07-29,35.6
2022-07-30,32.9
2022-07-31,29
2022-08-01,33.1
2022-08-02,32.2
2022-08-03,32.2
2022-08-04,32.6
2022-08-05,32.4
2022-08-06,34.1
2022-08-07,34.7
2022-08-08,31
2022-08-09,31.7
2022-08-10,30.2
2022-08-11,26.7
2022-08-12,31.4
2022-08-13,30.4
2022-08-14,33.3
2022-08-15,32.7
2022-08-16,28.9
2022-08-17,30.4
2022-08-18,31
2022-08-19,31.8
2022-08-20,29.9
2022-08-21,31.9
2022-08-22,32.2
2022-08-23,27.5
2022-08-24,27.4
2022-08-25,29.3
2022-08-26,28.3
2022-08-27,25.9
2022-08-28,28.7
2022-08-29,23.1
2022-08-30,24.2
2022-08-31,24.4
2022-09-01,26.6
2022-09-02,27.7
2022-09-03,29.4
2022-09-04,31.4
2022-09-05,25.7
2022-09-06,25.3
2022-09-07,28
2022-09-08,28.8
2022-09-09,30
2022-09-10,27.6
2022-09-11,29.5
2022-09-12,25.8
2022-09-13,28.1
2022-09-14,28.7
2022-09-15,32.1
2022-09-16,32.8
2022-09-17,32.4
2022-09-18,33.3
2022-09-19,30.1
2022-09-20,25.3
2022-09-21,26
2022-09-22,25
2022-09-23,24.2
2022-09-24,24.1
2022-09-25,24.4
2022-09-26,24.7
2022-09-27,28
2022-09-28,25.1
2022-09-29,25.9
2022-09-30,28.8
2022-10-01,29.2
2022-10-02,30.5
2022-10-03,28.6
2022-10-04,26.4
2022-10-05,20.9
2022-10-06,21.1
2022-10-07,20.1
2022-10-08,23.3
2022-10-09,15.5
2022-10-10,14.9
2022-10-11,18.4
2022-10-12,21.2
2022-10-13,22.7
2022-10-14,23.9
2022-10-15,25.1
2022-10-16,23.1
2022-10-17,17.1
2022-10-18,15.2
2022-10-19,17.2
2022-10-20,20.9
2022-10-21,19.3
2022-10-22,21.7
2022-10-23,19.7
2022-10-24,15.9
2022-10-25,17.8
2022-10-26,19.4
2022-10-27,20.6
2022-10-28,20.1
2022-10-29,20.9
2022-10-30,21.1
2022-10-31,20.7
2022-11-01,19.5
2022-11-02,18.9
2022-11-03,17.4
2022-11-04,11.7
2022-11-05,13.9
2022-11-06,16.2
2022-11-07,18.6
2022-11-08,18.4
2022-11-09,17.8
2022-11-10,21
2022-11-11,24.1
2022-11-12,24.9
2022-11-13,19
2022-11-14,15.5
2022-11-15,14.2
2022-11-16,15.4
2022-11-17,17.8
2022-11-18,20.4
2022-11-19,20.1
2022-11-20,19.6
2022-11-21,19.1
2022-11-22,15.7
2022-11-23,16.2
2022-11-24,16
2022-11-25,19.2
2022-11-26,15.8
2022-11-27,18.1
2022-11-28,19.6
2022-11-29,16.3
2022-11-30,3
2022-12-01,2.4
2022-12-02,6.1
2022-12-03,10.1
2022-12-04,5.1
2022-12-05,3.2
2022-12-06,8.9
2022-12-07,10
2022-12-08,11.6
2022-12-09,12.4
2022-12-10,5.8
2022-12-11,8.3
2022-12-12,6.7
2022-12-13,7.9
2022-12-14,-0.7
2022-12-15,7
2022-12-16,0.9
2022-12-17,0.8
2022-12-18,-3.5
2022-12-19,3
2022-12-20,6.5
2022-12-21,5.2
2022-12-22,1.2
2022-12-23,-4.1
2022-12-24,-3.6
2022-12-25,1.7
2022-12-26,3.4
2022-12-27,4.2
2022-12-28,3.2
2022-12-29,3.9
2022-12-30,4.3
2022-12-31,5.1
2023-01-01,5.9
2023-01-02,2
2023-01-03,2.9
2023-01-04,5.6
2023-01-05,7.7
2023-01-06,8.5
2023-01-07,6.8
2023-01-08,9.4
2023-01-09,9.3
2023-01-10,8.5
2023-01-11,11.3
2023-01-12,17
2023-01-13,15
2023-01-14,8.3
2023-01-15,4.8
2023-01-16,1.1
2023-01-17,3.1
2023-01-18,5.3
2023-01-19,7
2023-01-20,5.8
2023-01-21,3
2023-01-22,6.6
2023-01-23,8.5
2023-01-24,-1.3
2023-01-25,-3.5
2023-01-26,2.8
2023-01-27,-0.6
2023-01-28,-0.6
2023-01-29,5.5
2023-01-30,5.6
2023-01-31,10.7
2023-02-01,9.2
2023-02-02,4
2023-02-03,3.7
2023-02-04,6.2
2023-02-05,8.3
2023-02-06,11.3
2023-02-07,12.2
2023-02-08,8.3
2023-02-09,13
2023-02-10,8.6
2023-02-11,8.3
2023-02-12,7.6
2023-02-13,12.5
2023-02-14,7
2023-02-15,8.5
2023-02-16,6.3
2023-02-17,7.4
2023-02-18,10
2023-02-19,6.3
2023-02-20,6.4
2023-02-21,5
2023-02-22,9.7
2023-02-23,10.7
2023-02-24,10.9
2023-02-25,6.5
2023-02-26,9
2023-02-27,14.2
2023-02-28,14.9
2023-03-01,11.4
2023-03-02,8.3
2023-03-03,12.1
2023-03-04,16.3
2023-03-05,16.7
2023-03-06,17.8
2023-03-07,21.6
2023-03-08,21.3
2023-03-09,19.6
2023-03-10,24.6
2023-03-11,25.8
2023-03-12,15.1
2023-03-13,8.8
2023-03-14,18.7
2023-03-15,20.6
2023-03-16,13
2023-03-17,11.5
2023-03-18,15
2023-03-19,16.9
2023-03-20,18.9
2023-03-21,23.8
2023-03-22,25.8
2023-03-23,16.9
2023-03-24,17.7
2023-03-25,14.1
2023-03-26,16.1
2023-03-27,14.4
2023-03-28,16.3
2023-03-29,21.4
2023-03-30,23.9
2023-03-31,24.1
2023-04-01,26.1
2023-04-02,25.1
2023-04-03,26.2
2023-04-04,23.1
2023-04-05,17.7
2023-04-06,10.7
2023-04-07,13.1
2023-04-08,15.1
2023-04-09,17.8
2023-04-10,22.2
2023-04-11,22.4
2023-04-12,17.7
2023-04-13,23.9
2023-04-14,20.8
2023-04-15,16.9
2023-04-16,18
2023-04-17,22.4
2023-04-18,19.2
2023-04-19,27.5
2023-04-20,26.5
2023-04-21,24.9
2023-04-22,24.7
2023-04-23,22
2023-04-24,20.4
2023-04-25,12.7
2023-04-26,13.5
2023-04-27,22.3
2023-04-28,23.4
2023-04-29,18.7
2023-04-30,20.9
2023-05-01,21.9
2023-05-02,26.3
2023-05-03,25.2
2023-05-04,24.1
2023-05-05,22.6
2023-05-06,20.8
2023-05-07,16.3
2023-05-08,22.3
2023-05-09,23
2023-05-10,25.7
2023-05-11,27.4
2023-05-12,24.5
2023-05-13,23.8
2023-05-14,26
2023-05-15,29.4
2023-05-16,32
2023-05-17,31.6
2023-05-18,21.6
2023-05-19,26.3
2023-05-20,27.5
2023-05-21,23
2023-05-22,22.4
2023-05-23,25.3
2023-05-24,26.6
2023-05-25,28.4
2023-05-26,27
2023-05-27,26.8
2023-05-28,22.6
2023-05-29,21.5
2023-05-30,29
2023-05-31,29.2
2023-06-01,25
2023-06-02,26
2023-06-03,28
2023-06-04,27
2023-06-05,25.6
2023-06-06,27.3
2023-06-07,28.3
2023-06-08,29.2
2023-06-09,30.2
2023-06-10,31.8
2023-06-11,28.4
2023-06-12,29.4
2023-06-13,28.5
2023-06-14,27.6
2023-06-15,28
2023-06-16,30.7
2023-06-17,30.9
2023-06-18,31.1
2023-06-19,35.4
2023-06-20,30.5
2023-06-21,24.2
2023-06-22,26.9
2023-06-23,31.4
2023-06-24,32.1
2023-06-25,31.9
2023-06-26,27.4
2023-06-27,31
2023-06-28,28.4
2023-06-29,26.9
2023-06-30,26.8
2023-07-01,31.3
2023-07-02,32.9
2023-07-03,33.3
2023-07-04,26.3
2023-07-05,28.2
2023-07-06,32.4
2023-07-07,25.7
2023-07-08,30.9
2023-07-09,31.3
2023-07-10,32.4
2023-07-11,28.5
2023-07-12,31.1
2023-07-13,27.3
2023-07-14,27
2023-07-15,26.8
2023-07-16,29.1
2023-07-17,31.1
2023-07-18,24.6
2023-07-19,31.3
2023-07-20,31.3
2023-07-21,35.4
2023-07-22,28
2023-07-23,28.4
2023-07-24,30.8
2023-07-25,29.4
2023-07-26,33.4
2023-07-27,32.7
2023-07-28,34.1
2023-07-29,34.4
2023-07-30,33.7
2023-07-31,33.1
2023-08-01,34.9
2023-08-02,34.6
2023-08-03,34.5
2023-08-04,34.6
2023-08-05,34.6
2023-08-06,35.5
2023-08-07,35
2023-08-08,34.8
2023-08-09,30.2
2023-08-10,24.6
2023-08-11,30.4
2023-08-12,30
2023-08-13,32.2
2023-08-14,33.3
2023-08-15,32
2023-08-16,32
2023-08-17,31.7
2023-08-18,32.5
2023-08-19,32.6
2023-08-20,33.9
2023-08-21,34.3
2023-08-22,34
2023-08-23,32.3
2023-08-24,29.1
2023-08-25,30.3
2023-08-26,30.7
2023-08-27,31.8
2023-08-28,31.7
2023-08-29,29.4
2023-08-30,23
2023-08-31,27.3
2023-09-01,30.5
2023-09-02,30.4
2023-09-03,33
2023-09-04,31.7
2023-09-05,31.4
2023-09-06,31.7
2023-09-07,31.6
2023-09-08,29.6
2023-09-09,30.7
2023-09-10,31.2
2023-09-11,30.8
2023-09-12,29.9
2023-09-13,23.9
2023-09-14,26.1
2023-09-15,25.6
2023-09-16,28.8
2023-09-17,29.1
2023-09-18,30.2
2023-09-19,28.6
2023-09-20,25
2023-09-21,23
2023-09-22,25.1
2023-09-23,26.9
2023-09-24,27.9
2023-09-25,27.8
2023-09-26,23.6
2023-09-27,24.6
2023-09-28,27.5
2023-09-29,25
2023-09-30,23.8
2023-10-01,23.6
2023-10-02,24.8
2023-10-03,21.5
2023-10-04,23.8
2023-10-05,20.1
2023-10-06,21
2023-10-07,21.8
2023-10-08,22.1
2023-10-09,22.8
2023-10-10,21.8
2023-10-11,24.1
2023-10-12,25.7
2023-10-13,22.8
2023-10-14,21.8
2023-10-15,21.9
2023-10-16,20.5
2023-10-17,20.9
2023-10-18,24.1
2023-10-19,22.9
2023-10-20,16.9
2023-10-21,17.7
2023-10-22,18.3
2023-10-23,21.2
2023-10-24,21.9
2023-10-25,22.8
2023-10-26,22.6
2023-10-27,19.6
2023-10-28,20.8
2023-10-29,22
2023-10-30,21.6
2023-10-31,22.9
2023-11-01,24.9
2023-11-02,27.1
2023-11-03,25.2
2023-11-04,23
2023-11-05,25.7
2023-11-06,22.8
2023-11-07,13.6
2023-11-08,17.4
2023-11-09,20.7
2023-11-10,11.9
2023-11-11,6
2023-11-12,7.8
2023-11-13,9.1
2023-11-14,12
2023-11-15,14
2023-11-16,10
2023-11-17,8.1
2023-11-18,8.1
2023-11-19,13.7
2023-11-20,13.3
2023-11-21,15.6
2023-11-22,17.3
2023-11-23,17.3
2023-11-24,7.5
2023-11-25,4.9
2023-11-26,8.2
2023-11-27,12.2
2023-11-28,7.7
2023-11-29,7.9
2023-11-30,2.8
2023-12-01,3.8
2023-12-02,7.7
2023-12-03,7.9
2023-12-04,9.6
2023-12-05,13.3
2023-12-06,14.6
2023-12-07,12.5
2023-12-08,20.3
2023-12-09,20.5
2023-12-10,20.1
2023-12-11,15.5
2023-12-12,11.9
2023-12-13,14
2023-12-14,13.1
2023-12-15,14.1
2023-12-16,6
2023-12-17,-3.8
2023-12-18,-0.4
2023-12-19,1.8
2023-12-20,1.9
2023-12-21,-4.3
2023-12-22,-4
2023-12-23,2.4
2023-12-24,3.8
2023-12-25,4.7
2023-12-26,7.8
2023-12-27,9
2023-12-28,7.4
2023-12-29,7.9
2023-12-30,9.1
2023-12-31,9.1
2024-01-01,9.3
2024-01-02,7.7
2024-01-03,6.1
2024-01-04,7.7
2024-01-05,9.9
2024-01-06,6.6
2024-01-07,2.7
2024-01-08,2.3
2024-01-09,7.2
2024-01-10,4.1
2024-01-11,5.9
2024-01-12,8.7
2024-01-13,6.8
2024-01-14,12.9
2024-01-15,3.1
2024-01-16,4.6
2024-01-17,9.7
2024-01-18,11
2024-01-19,11.4
2024-01-20,7.8
2024-01-21,8.4
2024-01-22,1.1
2024-01-23,-4.4
2024-01-24,-1.3
2024-01-25,0.6
2024-01-26,4.9
2024-01-27,6.5
2024-01-28,4.6
2024-01-29,5.7
2024-01-30,9.8
2024-01-31,13.3
2024-02-01,8.7
2024-02-02,7.6
2024-02-03,9.3
2024-02-04,12.2
2024-02-05,6.6
2024-02-06,5.4
2024-02-07,5.1
2024-02-08,5.8
2024-02-09,7.2
2024-02-10,8.2
2024-02-11,8.1
2024-02-12,12.7
2024-02-13,18
2024-02-14,19.6
2024-02-15,13
2024-02-16,9.4
2024-02-17,14.2
2024-02-18,14.7
2024-02-19,16.5
2024-02-20,8.4
2024-02-21,8.5
2024-02-22,5.8
2024-02-23,7.6
2024-02-24,8.5
2024-02-25,6.3
2024-02-26,10.6
2024-02-27,12.5
2024-02-28,14.5
2024-02-29,8.9
2024-03-01,4
2024-03-02,5.4
2024-03-03,11.2
2024-03-04,13.6
2024-03-05,9.8
2024-03-06,13.9
2024-03-07,7.8
2024-03-08,8.9
2024-03-09,8.1
2024-03-10,12.5
2024-03-11,12.8
2024-03-12,11.3
2024-03-13,12.4
2024-03-14,15
2024-03-15,16.9
2024-03-16,20.7
2024-03-17,15
2024-03-18,15.1
2024-03-19,12.6
2024-03-20,9.7
2024-03-21,11.3
2024-03-22,19.1
2024-03-23,22.3
2024-03-24,19.4
2024-03-25,16.3
2024-03-26,14
2024-03-27,17.3
2024-03-28,11.6
2024-03-29,16.4
2024-03-30,19
2024-03-31,20.4
2024-04-01,21.8
2024-04-02,24.2
2024-04-03,15.5
2024-04-04,16.6
2024-04-05,18.3
2024-04-06,19.6
2024-04-07,24.4
2024-04-08,22.7
2024-04-09,22.5
2024-04-10,20.7
2024-04-11,22.8
2024-04-12,25
2024-04-13,27.4
2024-04-14,28.5
2024-04-15,21.5
2024-04-16,19.8
2024-04-17,23
2024-04-18,23.9
2024-04-19,26
2024-04-20,19.4
2024-04-21,20.3
2024-04-22,21.8
2024-04-23,23.6
2024-04-24,16.6
2024-04-25,24.2
2024-04-26,25.4
2024-04-27,26.9
2024-04-28,29
2024-04-29,21
2024-04-30,19.2
2024-05-01,21.7
2024-05-02,24.1
2024-05-03,27
2024-05-04,28
2024-05-05,22.3
2024-05-06,17.7
2024-05-07,15.5
2024-05-08,20.9
2024-05-09,22.2
2024-05-10,26.3
2024-05-11,26.4
2024-05-12,22.3
2024-05-13,25
2024-05-14,25.2
2024-05-15,23.2
2024-05-16,20.1
2024-05-17,26.5
2024-05-18,28.5
2024-05-19,29.6
2024-05-20,26.6
2024-05-21,29.5
2024-05-22,28.5
2024-05-23,28.5
2024-05-24,27
2024-05-25,24.9
2024-05-26,26.5
2024-05-27,22.8
2024-05-28,25.4
2024-05-29,28
2024-05-30,26.2
2024-05-31,25.8
2024-06-01,24.4
2024-06-02,25.7
2024-06-03,27.8
2024-06-04,27.6
2024-06-05,28.3
2024-06-06,28.3
2024-06-07,28.6
2024-06-08,23.4
2024-06-09,28.8
2024-06-10,31.4
2024-06-11,30.7
2024-06-12,32.8
2024-06-13,33.4
2024-06-14,33.3
2024-06-15,30.2
2024-06-16,28.8
2024-06-17,27.8
2024-06-18,32.3
2024-06-19,36.5
2024-06-20,29
2024-06-21,32.5
2024-06-22,25.5
2024-06-23,27.3
2024-06-24,29.2
2024-06-25,27.7
2024-06-26,30.1
2024-06-27,27.5
2024-06-28,32.1
2024-06-29,28.5
2024-06-30,26.2
2024-07-01,31
2024-07-02,30.8
2024-07-03,30.6
2024-07-04,32.8
2024-07-05,29.7
2024-07-06,32.1
2024-07-07,30.1
2024-07-08,28.2
2024-07-09,26
2024-07-10,25.8
2024-07-11,27.1
2024-07-12,30.6
2024-07-13,31.1
2024-07-14,30.8
2024-07-15,32.5
2024-07-16,29.3
2024-07-17,31.2
2024-07-18,29.1
2024-07-19,29.6
2024-07-20,32
2024-07-21,33
2024-07-22,32.8
2024-07-23,30.4
2024-07-24,33.2
2024-07-25,34.3
2024-07-26,33.4
2024-07-27,31.9
2024-07-28,34.6
2024-07-29,32.8
2024-07-30,32.7
2024-07-31,34.8
2024-08-01,34.9
2024-08-02,34.3
2024-08-03,34.7
2024-08-04,35.9
2024-08-05,33.9
2024-08-06,33.7
2024-08-07,34.4
2024-08-08,31.1
2024-08-09,34.3
2024-08-10,35.2
2024-08-11,35.3
2024-08-12,34.8
2024-08-13,35.2
2024-08-14,35.8
2024-08-15,34.3
2024-08-16,33.5
2024-08-17,34.4
2024-08-18,33
2024-08-19,35.2
2024-08-20,34.8
2024-08-21,34
2024-08-22,32.9
2024-08-23,32.8
2024-08-24,33.2
2024-08-25,32.4
2024-08-26,33.6
2024-08-27,31.2
2024-08-28,34.2
2024-08-29,34.7
2024-08-30,33.6
2024-08-31,32.3
2024-09-01,31.9
2024-09-02,30.4
2024-09-03,31.3
2024-09-04,33.6
2024-09-05,32.4
2024-09-06,29.5
2024-09-07,30.3
2024-09-08,33
2024-09-09,34.1
2024-09-10,35.5
2024-09-11,34.2
2024-09-12,33.9
2024-09-13,34
2024-09-14,33.6
2024-09-15,35
2024-09-16,32.9
2024-09-17,35.1
2024-09-18,35.5
2024-09-19,35.2
2024-09-20,29.1
2024-09-21,26.9
2024-09-22,26.6
2024-09-23,28.2
2024-09-24,28.4
2024-09-25,29
2024-09-26,29.5
2024-09-27,28.7
2024-09-28,31.2
2024-09-29,29.9
2024-09-30,28.7
2024-10-01,25.6
2024-10-02,20.1
2024-10-03,15.5
2024-10-04,24.2
2024-10-05,24.6
2024-10-06,20.5
2024-10-07,20.3
2024-10-08,23.4
2024-10-09,24.8
2024-10-10,24.6
2024-10-11,25.4
2024-10-12,25.2
2024-10-13,24.9
2024-10-14,22.2
2024-10-15,22.7
2024-10-16,25.1
2024-10-17,26.9
2024-10-18,25.5
2024-10-19,24.2
2024-10-20,19.8
2024-10-21,19.9
2024-10-22,21.4
2024-10-23,17.8
2024-10-24,19
2024-10-25,21.6
2024-10-26,26.3
2024-10-27,19.3
2024-10-28,19.4
2024-10-29,20.8
2024-10-30,21.9
2024-10-31,22.9
2024-11-01,15.6
2024-11-02,23.5
2024-11-03,24.5
2024-11-04,21.6
2024-11-05,15.3
2024-11-06,14.6
2024-11-07,16.2
2024-11-08,18.5
2024-11-09,20.3
2024-11-10,20
2024-11-11,20.9
2024-11-12,20.2
2024-11-13,22.1
2024-11-14,21
2024-11-15,22.1
2024-11-16,23.8
2024-11-17,16.3
2024-11-18,8.5
2024-11-19,11.4
2024-11-20,13
2024-11-21,15.2
2024-11-22,12.8
2024-11-23,12.3
2024-11-24,14.7
2024-11-25,18.8
2024-11-26,14.1
2024-11-27,7.1
2024-11-28,9.9
2024-11-29,6.2
2024-11-30,12.2
2024-12-01,15.2
2024-12-02,17.3
2024-12-03,7.2
2024-12-04,8.6
2024-12-05,8.2
2024-12-06,9.3
2024-12-07,4.9
2024-12-08,5.9
2024-12-09,7
2024-12-10,8.2
2024-12-11,8.6
2024-12-12,6.6
2024-12-13,4.8
2024-12-14,4.8
2024-12-15,8.3
2024-12-16,8.4
2024-12-17,7.4
2024-12-18,2.2
2024-12-19,4.2
2024-12-20,5.9
2024-12-21,5.1
2024-12-22,2.6
2024-12-23,7.2
2024-12-24,6.3
2024-12-25,9
2024-12-26,6.6
2024-12-27,3.1
2024-12-28,1.1
2024-12-29,7.8
2024-12-30,11.3
